"ID","Lable","RansomwareFamily","API","DROP","FILES","FILES_EXT","DIR"
"10002","1","3","46","0","3","3","0"
"10003","1","2","19","0","0","0","0"
"10005","1","5","27","0","0","0","0"
"10006","1","7","96","2","17","12","6"
"10007","1","5","35","0","4","1","0"
"10008","1","6","21","0","2","2","0"
"10011","1","1","73","2","7","8","5"
"10013","1","6","14","0","0","0","0"
"10014","1","6","56","0","0","0","3"
"10019","1","4","16","0","0","0","0"
"10022","1","9","47","0","3","1","6"
"10024","1","7","45","0","5","2","0"
"10028","1","7","96","2","17","12","6"
"10029","1","6","45","0","2","2","0"
"10031","1","2","72","2","8","9","5"
"10035","1","7","14","0","0","0","0"
"10036","1","6","96","3","53","22","128"
"10037","1","7","10","0","0","0","0"
"10038","1","9","63","2","31","9","10"
"10039","1","2","25","0","0","0","0"
"10040","1","7","37","0","5","2","0"
"10042","1","9","47","0","3","1","6"
"10043","1","7","26","0","0","0","0"
"10044","1","2","15","0","0","0","0"
"10049","1","9","52","1","8","4","0"
"10050","1","2","86","2","16","9","8"
"10057","1","6","50","0","5","2","0"
"10060","1","9","47","0","3","1","6"
"10061","1","9","44","0","7","4","0"
"10064","1","3","68","0","6","4","0"
"10068","1","4","62","0","6","2","0"
"10069","1","6","29","0","0","0","0"
"10070","1","1","72","2","7","8","5"
"10078","1","11","35","0","2","2","0"
"10079","1","4","47","0","6","3","0"
"10082","1","11","53","1","8","8","0"
"10083","1","4","12","0","0","0","0"
"10085","1","3","11","0","0","0","0"
"10086","1","1","72","2","7","8","5"
"10089","1","1","72","2","7","8","5"
"10091","1","9","47","0","9","4","0"
"10097","1","5","39","0","1","0","0"
"10100","1","11","18","0","0","0","0"
"10101","1","3","17","0","0","0","0"
"10102","1","6","52","0","4","4","0"
"10104","1","9","36","0","1","1","0"
"10107","1","2","46","0","8","3","0"
"10108","1","2","37","0","1","0","0"
"10111","1","5","42","0","4","0","0"
"10112","1","9","16","0","0","0","0"
"10113","1","4","18","0","0","0","0"
"10114","1","7","96","2","17","12","6"
"10115","1","9","38","0","1","1","0"
"10117","1","1","76","2","8","10","5"
"10119","1","3","50","1","5","4","0"
"10122","1","6","94","3","85","38","420"
"10123","1","2","55","0","4","4","0"
"10124","1","1","72","2","7","8","5"
"10131","1","2","42","0","5","2","0"
"10133","1","6","95","1","15","5","17"
"10134","1","3","11","0","0","0","0"
"10135","1","9","52","1","8","4","0"
"10136","1","6","73","0","6","4","0"
"10138","1","9","27","0","1","1","0"
"10140","1","4","12","0","0","0","0"
"10141","1","10","1","0","0","0","0"
"10142","1","2","25","0","0","0","0"
"10143","1","9","17","0","0","0","0"
"10145","1","6","36","0","0","0","0"
"10148","1","6","31","0","0","0","11"
"10149","1","7","54","0","4","4","0"
"10150","1","5","66","1","5","6","0"
"10152","1","9","12","0","0","0","0"
"10154","1","3","24","0","0","0","0"
"10155","1","2","29","0","2","2","0"
"10158","1","7","34","0","2","2","0"
"10161","1","3","49","0","5","3","0"
"10162","1","1","72","2","7","8","5"
"10165","1","2","72","2","8","9","5"
"10166","1","2","46","0","8","3","0"
"10169","1","7","59","0","9","5","116"
"10171","1","7","21","0","0","0","0"
"10175","1","6","51","0","4","4","0"
"10176","1","6","53","0","3","3","0"
"10177","1","9","52","1","8","4","0"
"10178","1","7","14","0","0","0","0"
"10180","1","11","15","0","0","0","0"
"10184","1","2","6","0","0","0","0"
"10190","1","2","47","0","9","4","0"
"10191","1","6","51","0","1","1","0"
"10193","1","3","31","0","0","0","11"
"10200","1","6","50","2","6","5","0"
"10203","1","11","75","1","5","5","0"
"10206","1","3","12","0","0","0","0"
"10208","1","6","51","0","4","4","0"
"10209","1","9","54","2","8","8","4"
"10212","1","2","57","0","7","4","0"
"10213","1","7","16","0","0","0","0"
"10216","1","9","20","0","1","1","0"
"10222","1","9","16","0","0","0","0"
"10223","1","3","11","0","0","0","0"
"10225","1","6","14","0","0","0","0"
"10228","1","8","96","1","9","7","0"
"10231","1","9","47","0","3","1","6"
"10233","1","5","30","0","0","0","0"
"10235","1","2","20","0","0","0","0"
"10236","1","9","47","0","3","1","6"
"10239","1","4","31","0","0","0","11"
"10240","1","6","14","0","0","0","0"
"10241","1","7","61","0","8","5","116"
"10246","1","4","15","0","0","0","0"
"10247","1","6","51","0","4","4","0"
"10249","1","2","17","0","0","0","0"
"10250","1","4","8","0","0","0","0"
"10251","1","4","8","0","0","0","0"
"10253","1","9","16","0","1","0","0"
"10254","1","6","33","0","0","0","0"
"10255","1","7","24","0","0","0","0"
"10257","1","2","88","0","8","5","3"
"10258","1","2","42","1","4","6","5"
"10262","1","5","14","0","0","0","0"
"10263","1","6","58","0","5","5","0"
"10267","1","9","54","2","8","8","4"
"10268","1","2","15","0","0","0","0"
"10269","1","4","20","0","0","0","0"
"10270","1","7","96","2","17","12","6"
"10271","1","6","14","0","0","0","0"
"10272","1","9","47","0","3","1","6"
"10274","1","6","40","0","0","0","1"
"10275","1","6","51","0","4","4","0"
"10279","1","3","63","0","6","4","0"
"10286","1","9","53","2","13","8","2"
"10287","1","9","47","0","3","1","6"
"10289","1","3","11","0","0","0","0"
"10290","1","6","58","0","5","5","0"
"10292","1","5","66","0","4","5","0"
"10293","1","1","72","2","7","8","5"
"10294","1","7","96","2","17","12","6"
"10295","1","2","46","0","8","3","0"
"10296","1","9","47","0","3","1","6"
"10299","1","9","47","0","3","1","6"
"10301","1","1","28","0","0","0","4"
"10302","1","2","11","0","0","0","0"
"10304","1","7","16","0","0","0","0"
"10306","1","10","64","1","12","5","0"
"10307","1","9","62","2","31","10","10"
"10310","1","9","30","0","1","1","0"
"10313","1","5","25","0","1","0","0"
"10314","1","2","16","0","1","1","0"
"10316","1","6","35","0","0","0","0"
"10320","1","6","73","0","6","4","0"
"10322","1","9","16","0","0","0","0"
"10323","1","6","75","0","8","3","0"
"10324","1","7","27","0","0","0","0"
"10325","1","3","21","0","0","0","0"
"10327","1","5","16","0","0","0","0"
"10330","1","3","69","2","7","11","5"
"10337","1","7","54","0","5","4","0"
"10339","1","11","22","0","0","0","0"
"10341","1","6","56","0","5","5","0"
"10342","1","7","96","2","17","12","6"
"10343","1","7","50","2","6","5","0"
"10345","1","9","12","0","0","0","0"
"10348","1","9","80","3","32","11","10"
"10349","1","7","18","0","0","0","0"
"10350","1","5","34","0","3","0","0"
"10351","1","9","72","2","12","8","5"
"10352","1","7","10","0","0","0","0"
"10357","1","6","43","0","5","3","0"
"10358","1","2","58","0","7","4","0"
"10361","1","9","47","0","3","1","6"
"10364","1","2","30","0","2","2","0"
"10367","1","6","42","0","5","5","0"
"10373","1","7","44","1","7","7","0"
"10374","1","5","17","0","0","0","0"
"10375","1","6","84","1","12","8","1"
"10376","1","6","60","0","6","4","0"
"10378","1","7","30","0","0","0","4"
"10381","1","2","16","0","0","0","0"
"10383","1","2","47","0","9","4","0"
"10384","1","6","70","0","8","3","3"
"10385","1","5","35","0","0","0","4"
"10388","1","6","43","0","5","2","0"
"10395","1","2","54","0","9","4","4"
"10398","1","11","34","0","2","2","0"
"10399","1","3","59","4","12","14","12"
"10400","1","11","8","0","0","0","0"
"10404","1","1","11","0","0","0","0"
"10405","1","9","47","0","8","4","1"
"10407","1","1","67","0","6","4","0"
"10409","1","9","45","0","5","2","0"
"10410","1","5","28","0","0","0","0"
"10413","1","6","51","0","4","4","0"
"10415","1","11","8","0","0","0","0"
"10417","1","6","39","0","5","2","0"
"10418","1","7","63","1","7","7","0"
"10419","1","6","35","0","0","0","0"
"10422","1","5","17","0","0","0","0"
"10424","1","6","43","0","5","2","0"
"10425","1","9","27","0","1","1","0"
"10427","1","6","28","0","3","0","1"
"10429","1","5","49","0","4","1","0"
"10430","1","1","72","2","7","8","5"
"10434","1","2","46","0","8","3","0"
"10435","1","6","92","3","61","22","178"
"10436","1","11","40","0","5","2","0"
"10437","1","5","30","0","0","0","0"
"10441","1","6","51","0","4","4","0"
"10442","1","7","16","0","0","0","0"
"10443","1","2","16","0","0","0","0"
"10444","1","2","53","0","9","4","4"
"10446","1","11","37","0","0","0","0"
"10447","1","5","28","0","0","0","0"
"10448","1","9","47","0","8","4","1"
"10450","1","2","48","0","9","4","0"
"10452","1","3","26","0","0","0","4"
"10454","1","2","19","0","0","0","0"
"10455","1","2","14","0","0","0","0"
"10456","1","7","8","0","0","0","0"
"10457","1","10","16","0","1","0","0"
"10458","1","2","48","0","9","4","0"
"10459","1","2","79","2","15","11","6"
"10461","1","8","68","0","9","7","7"
"10462","1","2","23","0","0","0","1"
"10467","1","2","28","0","0","0","0"
"10469","1","9","30","0","1","1","0"
"10470","1","2","48","0","9","4","0"
"10472","1","2","15","0","0","0","0"
"10473","1","9","47","0","3","1","6"
"10474","1","11","72","2","7","8","5"
"10475","1","1","72","2","7","8","5"
"10477","1","9","51","2","8","8","4"
"10479","1","7","16","0","0","0","0"
"10480","1","9","62","2","31","10","10"
"10481","1","2","43","0","5","2","0"
"10482","1","6","12","0","0","0","0"
"10483","1","2","19","0","0","0","0"
"10486","1","9","47","0","3","1","6"
"10489","1","2","69","0","7","5","0"
"10490","1","2","48","0","9","4","0"
"10491","1","9","47","0","3","1","6"
"10495","1","1","72","2","7","8","5"
"10498","1","3","11","0","0","0","0"
"10499","1","7","16","0","0","0","0"
"10500","1","5","68","1","7","6","1"
"10501","1","2","48","0","9","4","0"
"10502","1","9","29","0","0","0","0"
"10503","1","7","16","0","0","0","0"
"10504","1","6","39","0","0","0","0"
"10505","1","2","60","0","8","4","0"
"10507","1","11","32","1","4","3","1"
"10514","1","5","14","0","0","0","0"
"10515","1","9","15","0","0","0","0"
"10516","1","11","23","0","0","0","0"
"10518","1","3","45","0","4","4","0"
"10519","1","6","57","0","6","4","0"
"10520","1","7","43","0","5","2","0"
"10522","1","5","40","0","2","2","7"
"10523","1","5","11","0","0","0","0"
"10525","1","1","25","0","1","0","0"
"10527","1","9","104","0","9","8","3"
"10528","1","5","27","0","0","0","0"
"10529","1","11","34","0","2","2","0"
"10530","1","9","16","0","0","0","0"
"10532","1","5","6","0","0","0","0"
"10536","1","4","18","0","0","0","0"
"10543","1","7","16","0","0","0","0"
"10544","1","3","15","0","0","0","0"
"10545","1","2","79","2","16","9","7"
"10548","1","9","52","1","8","4","0"
"10550","1","11","85","2","17","12","6"
"10551","1","2","48","0","9","4","0"
"10554","1","6","15","0","0","0","0"
"10557","1","9","67","2","15","10","7"
"10562","1","11","35","0","0","0","0"
"10563","1","3","67","1","12","5","3"
"10565","1","6","57","5","8","11","14"
"10567","1","1","72","2","7","8","5"
"10568","1","5","52","0","5","3","4"
"10570","1","7","41","0","5","2","0"
"10572","1","5","30","0","0","0","0"
"10573","1","3","5","0","0","0","0"
"10577","1","9","47","0","3","1","6"
"10580","1","1","72","2","7","8","5"
"10581","1","1","1","0","0","0","0"
"10582","1","3","17","0","0","0","0"
"10583","1","1","12","0","0","0","0"
"10585","1","11","32","0","2","2","0"
"10586","1","6","58","0","5","5","0"
"10589","1","9","53","2","13","8","2"
"10593","1","3","64","1","13","5","0"
"10595","1","7","45","0","5","2","0"
"10599","1","7","63","0","9","5","116"
"10603","1","5","46","0","4","0","1"
"10609","1","2","48","0","9","4","0"
"10610","1","9","47","0","3","1","6"
"10616","1","6","43","0","5","2","0"
"10618","1","8","33","0","7","2","0"
"10619","1","6","53","2","13","8","2"
"10620","1","6","65","0","7","4","4"
"10621","1","5","35","0","1","1","0"
"10622","1","6","57","5","8","11","14"
"10624","1","2","29","0","2","2","0"
"10626","1","2","47","0","9","4","0"
"10628","1","7","16","0","0","0","0"
"10630","1","9","62","2","31","9","10"
"10634","1","5","29","0","0","0","0"
"10639","1","7","45","0","5","2","0"
"10640","1","5","52","0","2","2","0"
"10641","1","4","15","0","0","0","0"
"10642","1","2","48","0","9","4","0"
"10644","1","3","11","0","0","0","0"
"10645","1","3","43","0","1","1","0"
"10647","1","6","43","0","5","4","0"
"10649","1","1","72","2","7","8","5"
"10652","1","10","30","0","0","0","0"
"10653","1","2","18","0","2","2","0"
"10655","1","4","13","0","0","0","0"
"10658","1","2","60","1","10","6","1"
"10661","1","9","71","2","13","7","5"
"10662","1","9","47","0","3","1","6"
"10663","1","2","31","0","0","0","4"
"10664","1","5","19","0","0","0","0"
"10666","1","4","15","0","0","0","0"
"10669","1","2","29","0","2","2","0"
"10670","1","9","52","1","8","4","0"
"10671","1","2","48","0","9","4","0"
"10673","1","2","48","0","9","4","0"
"10674","1","9","18","0","1","1","0"
"10675","1","7","54","0","4","4","0"
"10676","1","6","39","0","2","1","0"
"10677","1","11","19","0","0","0","0"
"10679","1","6","35","0","2","1","0"
"10681","1","2","6","0","0","0","0"
"10683","1","6","11","0","0","0","0"
"10687","1","4","44","0","5","2","0"
"10690","1","2","48","0","9","4","0"
"10691","1","2","46","0","8","3","0"
"10693","1","5","24","0","2","2","0"
"10694","1","2","51","1","6","5","0"
"10698","1","2","23","0","0","0","1"
"10702","1","5","18","0","0","0","0"
"10708","1","5","25","0","2","0","0"
"10710","1","9","52","1","8","4","0"
"10711","1","7","33","0","0","0","0"
"10716","1","6","57","0","6","4","0"
"10717","1","4","28","0","0","0","1"
"10718","1","11","40","0","2","2","0"
"10720","1","5","18","0","0","0","0"
"10721","1","2","48","0","9","4","0"
"10729","1","2","46","0","8","3","0"
"10732","1","2","25","0","0","0","0"
"10735","1","2","48","0","9","4","0"
"10737","1","2","6","0","0","0","0"
"10740","1","3","46","0","3","2","0"
"10741","1","9","47","0","3","1","6"
"10743","1","7","96","2","17","12","6"
"10744","1","2","48","0","9","4","0"
"10748","1","6","39","0","5","2","0"
"10749","1","2","46","0","8","3","0"
"10750","1","7","33","0","0","0","0"
"10752","1","7","97","2","17","12","6"
"10754","1","2","48","0","9","4","0"
"10756","1","3","11","0","0","0","0"
"10762","1","3","21","0","0","0","0"
"10763","1","5","20","0","0","0","0"
"10765","1","9","47","0","3","1","6"
"10768","1","2","48","0","9","4","0"
"10781","1","6","42","0","5","3","0"
"10784","1","2","72","2","8","9","5"
"10785","1","6","50","0","5","3","10"
"10787","1","11","14","0","0","0","0"
"10789","1","3","11","0","0","0","0"
"10791","1","11","68","1","6","4","1"
"10793","1","2","24","0","0","0","6"
"10794","1","6","51","0","4","4","0"
"10795","1","9","17","0","2","2","0"
"10797","1","2","16","0","0","0","0"
"10802","1","3","72","3","10","13","11"
"10803","1","8","30","0","3","2","0"
"10806","1","1","80","5","20","15","12"
"10808","1","2","17","0","0","0","0"
"10809","1","1","42","0","2","2","1"
"10810","1","9","47","0","3","1","6"
"10814","1","2","45","2","5","6","10"
"10817","1","2","46","0","8","3","0"
"10818","1","2","47","0","5","4","0"
"10819","1","9","47","0","3","1","6"
"10823","1","3","46","0","3","2","0"
"10824","1","6","57","5","8","11","14"
"10826","1","9","87","1","12","8","1"
"10827","1","2","60","1","10","6","1"
"10829","1","11","20","0","1","1","0"
"10831","1","1","72","2","7","8","5"
"10834","1","1","72","2","7","8","5"
"10837","1","3","17","0","0","0","0"
"10838","1","6","15","0","0","0","0"
"10839","1","2","85","2","14","8","1"
"10841","1","9","52","1","8","4","0"
"10844","1","1","54","2","12","7","2"
"10845","1","7","16","0","0","0","0"
"10846","1","3","31","0","0","0","11"
"10847","1","9","50","1","8","4","0"
"10848","1","6","58","0","6","4","0"
"10854","1","7","18","0","0","0","0"
"10856","1","9","47","0","3","1","6"
"10861","1","5","20","0","0","0","0"
"10862","1","5","12","0","0","0","0"
"10863","1","3","17","0","0","0","0"
"10865","1","2","25","0","0","0","0"
"10866","1","6","59","0","5","5","0"
"10870","1","5","12","0","0","0","0"
"10872","1","1","70","2","7","8","5"
"10873","1","9","47","0","3","1","6"
"10875","1","11","68","1","6","4","1"
"10876","1","7","31","0","0","0","11"
"10877","1","3","19","0","0","0","0"
"10878","1","10","14","0","0","0","0"
"10879","1","2","19","0","0","0","0"
"10880","1","6","38","0","2","2","0"
"10881","1","11","68","1","6","4","1"
"10882","1","5","19","0","0","0","0"
"10884","1","1","73","2","7","8","5"
"10886","1","2","17","0","0","0","0"
"10888","1","1","72","2","7","8","5"
"10889","1","3","48","0","5","4","0"
"10894","1","9","72","3","13","9","5"
"10896","1","1","72","2","8","9","5"
"10899","1","5","20","0","0","0","0"
"10900","1","9","47","0","3","1","6"
"10902","1","2","48","0","9","4","0"
"10906","1","1","72","2","7","8","5"
"10909","1","2","72","2","8","9","5"
"10910","1","6","43","0","5","2","0"
"10911","1","2","24","0","0","0","4"
"10916","1","11","17","0","0","0","0"
"10917","1","2","16","0","0","0","0"
"10921","1","6","51","0","4","4","0"
"10922","1","5","34","0","0","0","4"
"10923","1","1","72","2","7","8","5"
"10926","1","1","13","0","0","0","0"
"10927","1","1","73","0","7","8","5"
"10930","1","7","58","1","9","5","7"
"10931","1","5","12","0","0","0","0"
"10933","1","2","48","0","9","4","0"
"10934","1","6","59","0","5","2","0"
"10936","1","1","72","2","7","8","5"
"10939","1","6","21","0","0","0","0"
"10942","1","1","72","2","7","8","5"
"10946","1","6","51","0","4","4","0"
"10948","1","3","50","0","3","2","0"
"10951","1","3","51","1","7","7","0"
"10952","1","5","33","0","0","0","0"
"10953","1","5","21","0","0","0","0"
"10954","1","3","11","0","0","0","0"
"10958","1","5","28","0","0","0","0"
"10959","1","6","36","0","1","1","0"
"10960","1","9","67","2","15","10","7"
"10963","1","5","20","0","0","0","0"
"10964","1","1","46","2","6","8","10"
"10967","1","6","51","0","5","2","0"
"10969","1","9","47","0","3","1","6"
"10970","1","1","12","0","0","0","0"
"10971","1","11","84","2","17","12","6"
"10973","1","6","40","0","1","1","0"
"10976","1","2","8","0","0","0","0"
"10979","1","4","12","0","0","0","0"
"10980","1","6","51","0","4","4","0"
"10981","1","11","14","0","0","0","0"
"10984","1","2","16","0","0","0","0"
"10985","1","5","17","0","0","0","0"
"10989","1","7","11","0","0","0","0"
"10994","1","11","11","0","0","0","0"
"10995","1","9","15","0","0","0","0"
"10996","1","2","25","0","0","0","0"
"10997","1","3","17","0","0","0","0"
"10999","1","7","44","0","12","2","0"
"11002","1","1","56","2","11","6","2"
"11005","1","9","47","0","3","1","6"
"11006","1","1","72","2","7","8","5"
"11007","1","11","18","0","0","0","0"
"11008","1","3","34","0","2","1","0"
"11010","1","7","50","2","6","5","0"
"11011","1","6","57","5","8","11","14"
"11016","1","6","47","0","2","2","1"
"11018","1","6","33","0","0","0","0"
"11019","1","9","52","1","8","4","0"
"11021","1","2","60","0","7","4","3"
"11023","1","6","7","0","0","0","0"
"11024","1","7","48","0","5","4","0"
"11025","1","2","12","0","0","0","0"
"11026","1","5","31","0","0","0","0"
"11028","1","5","39","0","4","0","0"
"11029","1","7","16","0","0","0","0"
"11030","1","5","15","0","0","0","0"
"11031","1","3","70","0","6","5","0"
"11032","1","1","31","0","0","0","11"
"11034","1","9","44","0","8","3","0"
"11036","1","2","48","0","9","4","0"
"11037","1","6","15","0","0","0","0"
"11038","1","2","43","1","7","7","0"
"11042","1","9","41","0","6","3","0"
"11044","1","2","13","0","0","0","0"
"11054","1","9","12","0","0","0","0"
"11055","1","4","42","0","2","2","0"
"11059","1","1","70","2","7","8","5"
"11061","1","6","65","0","7","4","4"
"11065","1","7","50","2","6","5","0"
"11068","1","2","11","0","0","0","0"
"11069","1","5","12","0","0","0","0"
"11070","1","5","59","0","5","4","0"
"11071","1","2","48","0","9","4","0"
"11072","1","11","23","0","0","0","0"
"11076","1","9","12","0","0","0","0"
"11077","1","4","18","0","0","0","0"
"11078","1","6","92","1","12","8","4"
"11079","1","1","73","2","7","8","5"
"11081","1","7","59","3","10","10","11"
"11082","1","11","55","1","9","4","5"
"11083","1","6","46","0","5","3","0"
"11085","1","9","47","0","3","1","6"
"11087","1","11","44","0","0","0","0"
"11088","1","7","96","2","17","12","6"
"11090","1","5","50","0","2","2","4"
"11091","1","9","87","1","12","8","1"
"11094","1","6","19","0","0","0","0"
"11096","1","4","15","0","0","0","0"
"11098","1","2","48","0","9","4","0"
"11100","1","3","27","0","1","0","0"
"11101","1","6","31","0","0","0","11"
"11103","1","5","26","0","0","0","0"
"11105","1","11","7","0","0","0","0"
"11108","1","1","72","2","7","8","5"
"11110","1","5","12","0","0","0","0"
"11111","1","9","28","0","2","0","0"
"11112","1","10","16","0","1","0","0"
"11116","1","2","20","0","0","0","0"
"11117","1","6","28","0","1","1","0"
"11121","1","3","60","0","6","2","0"
"11124","1","9","47","0","3","1","6"
"11127","1","6","36","0","2","2","0"
"11128","1","2","46","0","8","3","0"
"11134","1","7","47","0","4","1","0"
"11138","1","5","8","0","0","0","0"
"11139","1","5","12","0","0","0","0"
"11140","1","6","7","0","0","0","0"
"11143","1","5","24","0","0","0","0"
"11144","1","4","36","0","3","2","0"
"11150","1","1","72","2","7","8","5"
"11151","1","6","43","0","5","2","0"
"11155","1","5","16","0","0","0","0"
"11156","1","6","18","0","2","0","0"
"11157","1","1","72","2","7","8","5"
"11160","1","9","47","0","3","1","6"
"11161","1","6","44","0","5","2","0"
"11162","1","1","80","5","20","15","12"
"11163","1","5","12","0","0","0","0"
"11166","1","1","11","0","0","0","0"
"11168","1","9","15","0","0","0","0"
"11169","1","5","40","0","0","0","4"
"11173","1","4","34","0","2","2","0"
"11175","1","6","43","0","5","3","0"
"11180","1","7","63","0","7","4","0"
"11181","1","3","11","0","0","0","0"
"11182","1","6","11","0","0","0","0"
"11183","1","4","12","0","0","0","0"
"11184","1","2","31","0","0","0","11"
"11185","1","9","68","2","12","8","5"
"11186","1","2","17","0","0","0","0"
"11187","1","2","29","0","1","0","1"
"11190","1","1","72","2","7","8","5"
"11196","1","9","52","1","8","4","0"
"11197","1","1","18","0","0","0","0"
"11198","1","5","53","0","3","3","5"
"11201","1","5","32","0","0","0","0"
"11204","1","4","33","0","2","2","0"
"11211","1","9","84","8","19","26","13"
"11212","1","1","57","0","5","5","0"
"11219","1","6","29","0","1","1","0"
"11220","1","9","24","0","0","0","4"
"11221","1","6","13","0","0","0","0"
"20001","0","0","32","0","0","0","11"
"20002","0","0","50","16","13","36","9"
"20003","0","0","13","0","0","0","0"
"20004","0","0","66","8","14","22","13"
"20005","0","0","53","11","12","29","6"
"20006","0","0","11","0","0","0","0"
"20007","0","0","11","0","0","0","0"
"20008","0","0","51","1","5","5","3"
"20009","0","0","47","1","5","5","1"
"20011","0","0","11","0","0","0","0"
"20012","0","0","11","0","0","0","0"
"20013","0","0","65","0","5","5","6"
"20014","0","0","61","0","5","2","3"
"20015","0","0","27","6","8","13","6"
"20016","0","0","67","2","15","10","7"
"20017","0","0","67","2","15","10","6"
"20018","0","0","78","11","42","30","28"
"20019","0","0","68","2","9","7","5"
"20021","0","0","67","2","11","9","7"
"20022","0","0","19","1","3","4","1"
"20025","0","0","63","4","7","12","13"
"20026","0","0","65","0","7","5","5"
"20027","0","0","11","0","0","0","0"
"20029","0","0","29","0","0","0","0"
"20031","0","0","97","8","30","25","10"
"20032","0","0","66","1","31","8","9"
"20036","0","0","71","5","15","15","13"
"20039","0","0","65","2","12","9","7"
"20040","0","0","45","1","5","5","1"
"20041","0","0","11","0","0","0","0"
"20042","0","0","62","4","11","11","17"
"20047","0","0","59","4","8","14","14"
"20048","0","0","11","0","0","0","0"
"20049","0","0","51","0","9","3","1"
"20050","0","0","42","1","5","5","1"
"20051","0","0","37","14","19","33","17"
"20052","0","0","41","14","22","33","18"
"20054","0","0","57","0","4","3","0"
"20055","0","0","82","4","15","13","12"
"20057","0","0","56","1","4","4","0"
"20058","0","0","57","12","18","36","15"
"20062","0","0","7","0","0","0","0"
"20063","0","0","68","4","9","12","13"
"20064","0","0","53","1","6","6","1"
"20065","0","0","13","0","0","0","0"
"20066","0","0","68","2","9","7","5"
"20067","0","0","88","4","22","16","9"
"20068","0","0","67","2","15","10","6"
"20069","0","0","69","4","13","13","11"
"20070","0","0","45","1","3","4","5"
"20071","0","0","113","7","20","25","11"
"20072","0","0","8","0","0","0","0"
"20073","0","0","78","7","20","18","10"
"20074","0","0","49","1","5","5","1"
"20077","0","0","64","3","6","9","13"
"20078","0","0","11","0","0","0","0"
"20080","0","0","78","2","15","10","4"
"20081","0","0","11","0","0","0","0"
"20082","0","0","45","1","5","5","1"
"20083","0","0","56","4","8","14","17"
"20084","0","0","69","2","15","10","7"
"20085","0","0","85","1","19","10","31"
"20086","0","0","33","0","0","0","11"
"20087","0","0","104","3","15","19","10"
"20088","0","0","66","3","10","11","10"
"20089","0","0","44","1","3","3","1"
"20090","0","0","47","1","5","5","1"
"20091","0","0","35","0","4","4","0"
"20092","0","0","71","2","15","10","7"
"20093","0","0","67","2","9","7","5"
"20094","0","0","68","2","15","10","7"
"20095","0","0","53","5","7","12","3"
"20096","0","0","39","11","28","31","24"
"20097","0","0","79","2","14","9","4"
"20098","0","0","73","3","18","13","8"
"20099","0","0","46","1","5","5","1"
"20100","0","0","68","2","15","10","7"
"20101","0","0","49","1","5","5","1"
"20102","0","0","53","0","9","4","1"
"20105","0","0","60","5","16","20","13"
"20106","0","0","68","2","15","10","7"
"20107","0","0","72","2","15","10","7"
"20108","0","0","105","2","12","12","16"
"20109","0","0","11","0","0","0","0"
"20110","0","0","66","3","16","18","8"
"20111","0","0","81","2","16","13","10"
"20112","0","0","84","6","13","17","3"
"20114","0","0","56","4","9","13","10"
"20115","0","0","66","2","13","10","7"
"20116","0","0","58","1","15","10","11"
"20117","0","0","46","1","5","5","1"
"20118","0","0","71","2","15","10","7"
"20119","0","0","71","2","15","10","7"
"20120","0","0","30","0","2","2","1"
"20121","0","0","67","3","9","11","7"
"20122","0","0","67","3","9","11","7"
"20123","0","0","76","3","15","11","7"
"20125","0","0","68","3","12","14","6"
"20126","0","0","69","5","7","15","9"
"20127","0","0","49","1","5","5","1"
"20128","0","0","69","2","15","10","7"
"20129","0","0","49","2","6","7","11"
"20130","0","0","52","2","8","10","10"
"20131","0","0","22","1","3","4","1"
"20132","0","0","72","2","15","10","7"
"20133","0","0","78","2","15","10","5"
"20134","0","0","68","2","15","10","7"
"20135","0","0","48","1","5","5","1"
"20139","0","0","68","2","15","10","7"
"20141","0","0","2","0","0","0","0"
"20142","0","0","48","1","5","5","1"
"20143","0","0","49","1","6","6","1"
"20144","0","0","115","7","20","22","16"
"20145","0","0","67","2","15","10","7"
"20146","0","0","71","3","14","10","15"
"20148","0","0","11","0","0","0","0"
"20149","0","0","58","4","8","11","10"
"20150","0","0","49","1","5","5","1"
"20151","0","0","45","1","8","11","12"
"20152","0","0","68","11","31","31","22"
"20154","0","0","11","0","0","0","0"
"20155","0","0","7","0","0","0","0"
"20156","0","0","8","0","0","0","0"
"20157","0","0","69","2","13","10","7"
"20158","0","0","64","4","9","12","13"
"20159","0","0","68","2","15","10","7"
"20161","0","0","47","1","5","5","1"
"20162","0","0","47","1","5","5","1"
"20163","0","0","48","1","5","5","1"
"20165","0","0","48","1","5","5","1"
"20166","0","0","50","1","5","5","1"
"20167","0","0","50","1","5","5","1"
"20168","0","0","50","1","5","5","1"
"20169","0","0","47","1","5","5","1"
"20170","0","0","67","4","12","16","13"
"20172","0","0","34","0","0","0","0"
"20173","0","0","82","8","45","22","20"
"20174","0","0","11","0","0","0","0"
"20175","0","0","78","3","19","15","15"
"20176","0","0","67","2","13","10","7"
"20177","0","0","59","2","9","8","4"
"20180","0","0","72","2","15","10","7"
"20181","0","0","72","5","11","19","9"
"20182","0","0","68","2","15","10","7"
"20183","0","0","82","5","13","15","9"
"20185","0","0","59","1","10","6","12"
"20187","0","0","47","4","12","12","3"
"20188","0","0","54","3","6","10","10"
"20189","0","0","71","2","15","10","7"
"20190","0","0","75","2","18","10","8"
"20191","0","0","48","9","9","23","7"
"20192","0","0","11","0","0","0","0"
"20196","0","0","64","2","11","8","5"
"20197","0","0","68","2","15","10","7"
"20198","0","0","69","2","13","10","7"
"20202","0","0","10","0","0","0","0"
"20204","0","0","35","0","2","2","3"
"20205","0","0","72","2","15","10","7"
"20206","0","0","71","2","15","10","7"
"20207","0","0","68","2","15","10","7"
"20209","0","0","69","2","15","10","7"
"20210","0","0","68","2","15","10","7"
"20211","0","0","68","2","15","10","7"
"20212","0","0","6","0","0","0","0"
"20213","0","0","50","1","5","5","1"
"20214","0","0","46","1","5","5","1"
"20215","0","0","60","6","12","18","12"
"20216","0","0","35","0","0","0","1"
"20217","0","0","47","5","6","12","3"
"20218","0","0","69","9","17","24","16"
"20219","0","0","78","3","12","11","6"
"20220","0","0","30","0","0","0","0"
"20224","0","0","67","2","13","10","7"
"20225","0","0","68","2","15","10","7"
"20226","0","0","69","2","15","10","6"
"20227","0","0","49","4","9","13","7"
"20228","0","0","65","2","10","8","4"
"20229","0","0","64","10","18","26","16"
"20230","0","0","75","3","11","12","10"
"20231","0","0","67","2","12","9","7"
"20232","0","0","49","1","5","5","1"
"20233","0","0","66","2","13","10","7"
"20239","0","0","72","11","15","35","14"
"20240","0","0","68","4","17","10","25"
"20241","0","0","68","4","17","10","25"
"20242","0","0","76","3","15","11","7"
"20243","0","0","36","2","5","7","5"
"20244","0","0","14","0","0","0","0"
"20245","0","0","14","0","0","0","0"
"20246","0","0","50","3","11","11","4"
"20248","0","0","68","2","15","10","7"
"20249","0","0","64","4","10","14","13"
"20250","0","0","11","0","0","0","0"
"20251","0","0","90","0","48","34","22"
"20255","0","0","48","5","8","18","5"
"20256","0","0","87","1","14","11","4"
"20257","0","0","59","2","9","8","4"
"20259","0","0","47","1","6","6","1"
"20260","0","0","47","1","6","6","1"
"20261","0","0","11","0","0","0","0"
"20262","0","0","11","0","0","0","0"
"20263","0","0","51","2","7","9","11"
"20265","0","0","89","3","15","12","7"
"20266","0","0","50","1","5","5","1"
"20267","0","0","43","1","5","7","10"
"20268","0","0","56","0","11","2","0"
"20269","0","0","8","0","0","0","0"
"20273","0","0","52","3","6","12","1"
"20274","0","0","11","0","0","0","0"
"20275","0","0","69","4","9","12","13"
"20276","0","0","85","4","18","20","9"
"20277","0","0","74","6","12","16","14"
"20280","0","0","74","3","15","13","12"
"20281","0","0","61","2","9","8","4"
"20283","0","0","47","1","5","5","1"
"20284","0","0","68","2","15","10","7"
"20285","0","0","79","3","13","12","12"
"20287","0","0","11","0","0","0","0"
"20291","0","0","71","2","15","10","7"
"20292","0","0","68","2","15","10","7"
"20294","0","0","31","0","2","2","0"
"20297","0","0","71","0","8","5","1"
"20298","0","0","54","7","27","20","18"
"20299","0","0","11","0","0","0","0"
"20301","0","0","50","1","5","5","1"
"20305","0","0","71","2","15","10","7"
"20306","0","0","45","4","13","12","8"
"20307","0","0","45","4","13","12","8"
"20308","0","0","48","1","5","5","1"
"20309","0","0","50","1","5","5","1"
"20310","0","0","65","2","10","6","6"
"20311","0","0","22","0","0","0","0"
"20312","0","0","56","5","7","16","3"
"20314","0","0","50","5","16","18","6"
"20316","0","0","30","0","2","2","1"
"20317","0","0","24","0","0","0","0"
"20318","0","0","11","0","0","0","0"
"20321","0","0","11","0","0","0","0"
"20322","0","0","11","0","0","0","0"
"20323","0","0","68","2","15","10","7"
"20324","0","0","50","1","5","5","1"
"20325","0","0","105","2","12","12","16"
"20326","0","0","49","1","5","5","1"
"20327","0","0","50","1","5","5","1"
"20329","0","0","44","6","8","15","2"
"20330","0","0","49","1","5","5","1"
"20333","0","0","64","4","9","12","12"
"20334","0","0","71","2","15","10","7"
"20336","0","0","68","2","15","10","7"
"20337","0","0","92","2","23","11","10"
"20338","0","0","68","2","15","10","7"
"20339","0","0","47","1","5","5","1"
"20340","0","0","69","2","15","10","7"
"20341","0","0","71","2","15","10","7"
"20342","0","0","69","4","10","14","15"
"20343","0","0","58","4","8","11","10"
"20345","0","0","87","10","43","29","23"
"20346","0","0","68","2","17","10","7"
"20347","0","0","87","10","43","29","23"
"20350","0","0","1","0","0","0","0"
"20353","0","0","65","4","10","14","15"
"20355","0","0","67","1","11","7","7"
"20356","0","0","89","3","20","14","11"
"20358","0","0","10","0","0","0","0"
"20359","0","0","71","2","15","10","7"
"20360","0","0","31","6","4","16","12"
"20362","0","0","64","11","34","31","10"
"20363","0","0","77","41","18","91","11"
"20364","0","0","76","41","22","92","14"
"20368","0","0","35","0","4","4","1"
"20369","0","0","74","11","13","33","8"
"20370","0","0","74","3","14","11","7"
"20371","0","0","42","1","4","4","1"
"20372","0","0","47","1","5","5","1"
"20374","0","0","59","4","10","14","13"
"20377","0","0","82","17","26","45","15"
"20378","0","0","70","4","42","13","19"
"20379","0","0","41","0","5","5","1"
"20382","0","0","71","2","15","10","7"
"20384","0","0","77","9","38","25","20"
"20385","0","0","50","2","2","4","1"
"20386","0","0","11","0","0","0","0"
"20387","0","0","80","2","15","10","4"
"20388","0","0","48","1","6","6","1"
"20389","0","0","70","2","15","10","7"
"20390","0","0","57","4","7","13","10"
"20391","0","0","63","5","12","19","6"
"20392","0","0","67","4","11","14","11"
"20394","0","0","68","2","15","10","7"
"20395","0","0","72","2","15","10","7"
"20397","0","0","50","1","5","5","1"
"20398","0","0","71","2","15","10","7"
"20400","0","0","68","3","13","10","14"
"20401","0","0","67","2","13","10","7"
"20402","0","0","48","1","6","6","1"
"20403","0","0","66","2","13","10","7"
"20409","0","0","11","0","0","0","0"
"20410","0","0","66","2","13","10","7"
"20411","0","0","68","3","16","12","7"
"20413","0","0","77","4","18","16","8"
"20414","0","0","62","1","10","6","4"
"20415","0","0","11","0","0","0","0"
"20416","0","0","58","3","8","12","11"
"20417","0","0","76","2","17","10","7"
"20418","0","0","50","1","5","5","1"
"20419","0","0","8","0","0","0","0"
"20420","0","0","67","2","15","10","7"
"20421","0","0","48","1","6","6","1"
"20422","0","0","64","23","28","51","33"
"20423","0","0","49","1","5","5","1"
"20424","0","0","67","2","14","9","5"
"20425","0","0","11","0","0","0","0"
"20426","0","0","102","1","9","10","10"
"20427","0","0","74","10","43","26","23"
"20428","0","0","92","10","44","29","31"
"20429","0","0","11","0","0","0","0"
"20430","0","0","67","2","15","10","7"
"20431","0","0","44","15","23","34","8"
"20432","0","0","39","15","23","32","21"
"20434","0","0","66","6","13","26","6"
"20435","0","0","71","4","17","12","13"
"20436","0","0","9","0","0","0","0"
"20437","0","0","48","1","2","2","9"
"20440","0","0","59","6","12","13","9"
"20441","0","0","68","2","17","10","7"
"20442","0","0","69","2","15","10","7"
"20443","0","0","81","5","9","15","3"
"20444","0","0","67","5","10","16","12"
"20447","0","0","72","2","15","10","7"
"20448","0","0","72","2","15","10","7"
"20449","0","0","58","3","10","10","16"
"20454","0","0","79","2","15","10","4"
"20455","0","0","50","1","5","5","1"
"20456","0","0","50","1","5","5","1"
"20457","0","0","91","1","6","4","3"
"20458","0","0","66","2","12","9","7"
"20459","0","0","49","1","5","5","1"
"20461","0","0","34","0","4","4","1"
"20462","0","0","57","4","9","13","10"
"20463","0","0","65","4","9","12","11"
"20464","0","0","80","2","15","10","5"
"20465","0","0","68","2","15","10","7"
"20466","0","0","68","2","15","10","6"
"20468","0","0","76","5","14","17","14"
"20469","0","0","7","0","0","0","0"
"20470","0","0","65","4","10","13","11"
"20471","0","0","47","1","5","5","1"
"20472","0","0","68","2","15","10","7"
"20473","0","0","9","0","0","0","0"
"20474","0","0","72","2","17","10","7"
"20475","0","0","50","1","5","5","1"
"20476","0","0","71","2","15","10","7"
"20477","0","0","28","0","0","0","0"
"20478","0","0","74","7","35","18","16"
"20479","0","0","49","1","5","5","1"
"20480","0","0","54","1","6","6","1"
"20481","0","0","51","1","9","5","1"
"20482","0","0","68","2","15","10","7"
"20483","0","0","41","2","3","5","1"
"20484","0","0","64","4","9","12","13"
"20485","0","0","72","2","15","10","7"
"20486","0","0","65","10","14","35","12"
"20487","0","0","62","11","9","26","4"
"20488","0","0","54","1","6","6","1"
"20489","0","0","88","9","53","27","24"
"20490","0","0","80","2","15","10","4"
"20491","0","0","65","4","10","14","13"
"20492","0","0","47","0","5","1","0"
"20493","0","0","30","3","4","6","1"
"20494","0","0","8","0","0","0","0"
"20495","0","0","49","1","6","6","8"
"20496","0","0","6","0","0","0","0"
"20497","0","0","1","0","0","0","0"
"20498","0","0","11","0","0","0","0"
"20499","0","0","56","5","8","19","3"
"20501","0","0","84","9","45","25","21"
"20505","0","0","65","5","15","15","23"
"20507","0","0","77","2","11","10","10"
"20508","0","0","69","18","22","50","14"
"20510","0","0","72","4","19","15","7"
"20512","0","0","75","8","46","21","21"
"20513","0","0","55","12","15","25","14"
"20514","0","0","69","2","17","10","7"
"20515","0","0","69","2","15","10","6"
"20517","0","0","60","1","9","5","4"
"20518","0","0","31","1","2","2","0"
"20519","0","0","11","0","0","0","0"
"20523","0","0","69","2","13","10","7"
"20524","0","0","112","4","15","17","11"
"20525","0","0","68","2","14","9","7"
"20526","0","0","62","1","10","6","4"
"20527","0","0","71","2","15","10","7"
"20528","0","0","100","4","21","15","19"
"20529","0","0","80","2","15","10","4"
"20530","0","0","37","0","0","0","0"
"20532","0","0","11","0","0","0","0"
"20533","0","0","85","16","50","57","17"
"20536","0","0","68","2","15","10","7"
"20537","0","0","73","1","10","8","8"
"20538","0","0","69","2","13","10","7"
"20540","0","0","65","11","17","27","39"
"20542","0","0","49","1","5","5","1"
"20543","0","0","49","1","5","5","1"
"20545","0","0","70","7","42","19","20"
"20546","0","0","69","2","15","10","7"
"20547","0","0","9","0","0","0","0"
"20548","0","0","56","1","6","6","1"
"20549","0","0","47","1","5","5","1"
"20553","0","0","81","2","11","10","9"
"20555","0","0","73","30","104","65","38"
"20557","0","0","47","1","6","6","1"
"20558","0","0","59","3","10","10","4"
"20559","0","0","50","1","5","5","1"
"20560","0","0","48","5","7","18","5"
"20561","0","0","75","5","13","15","12"
"20562","0","0","62","13","26","30","16"
"20563","0","0","80","8","15","21","10"
"20565","0","0","71","3","14","15","8"
"20566","0","0","52","2","7","7","1"
"20567","0","0","85","4","14","20","9"
"20569","0","0","54","3","9","11","1"
"20570","0","0","10","0","0","0","0"
"20573","0","0","69","6","17","23","6"
"20574","0","0","64","2","13","10","7"
"20577","0","0","86","3","18","14","7"
"20580","0","0","100","15","28","44","22"
"20581","0","0","55","8","37","22","21"
"20588","0","0","11","0","0","0","0"
"20589","0","0","32","0","2","2","1"
"20590","0","0","63","13","40","31","53"
"20591","0","0","69","2","15","10","7"
"20592","0","0","42","1","5","5","1"
"20593","0","0","44","1","4","6","5"
"20594","0","0","50","1","6","6","1"
"20595","0","0","34","0","0","0","0"
"20596","0","0","78","2","12","9","7"
"20597","0","0","11","0","0","0","0"
"20598","0","0","84","5","14","21","9"
"20599","0","0","67","2","14","9","5"
"20600","0","0","64","4","14","12","4"
"20604","0","0","42","0","135","31","15"
"20606","0","0","71","2","15","10","7"
"20608","0","0","69","2","13","10","7"
"20610","0","0","92","2","23","11","10"
"20611","0","0","67","2","13","10","7"
"20612","0","0","70","3","9","13","14"
"20613","0","0","50","1","5","5","1"
"20617","0","0","67","4","10","11","14"
"20618","0","0","46","5","8","19","5"
"20620","0","0","63","0","8","6","1"
"20621","0","0","49","5","8","18","5"
"20623","0","0","77","1","14","9","8"
"20624","0","0","69","2","13","10","7"
"20625","0","0","59","4","8","11","10"
"20626","0","0","71","2","15","10","7"
"20629","0","0","11","0","0","0","0"
"20631","0","0","47","2","12","8","2"
"20632","0","0","90","6","19","20","15"
"20633","0","0","39","14","23","30","18"
"20634","0","0","64","2","13","10","7"
"20635","0","0","1","0","0","0","0"
"20636","0","0","66","2","13","10","7"
"20640","0","0","68","2","15","10","7"
"20642","0","0","68","3","10","12","5"
"20643","0","0","66","5","28","18","20"
"20645","0","0","48","1","3","3","0"
"20646","0","0","11","0","0","0","0"
"20647","0","0","50","1","5","5","1"
"20648","0","0","69","2","13","10","7"
"20649","0","0","82","8","20","21","15"
"20650","0","0","77","8","20","21","15"
"20651","0","0","52","4","6","11","10"
"20652","0","0","51","4","6","11","10"
"20653","0","0","77","8","20","21","15"
"20654","0","0","80","8","20","21","15"
"20655","0","0","51","4","6","11","10"
"20656","0","0","52","4","6","11","10"
"20657","0","0","52","4","6","11","10"
"20658","0","0","50","1","5","5","1"
"20659","0","0","68","2","15","10","7"
"20660","0","0","68","3","12","14","6"
"20661","0","0","56","1","6","6","0"
"20662","0","0","67","12","12","39","20"
"20663","0","0","74","2","11","9","2"
"20664","0","0","11","0","0","0","0"
"20666","0","0","45","2","10","8","3"
"20667","0","0","35","0","2","2","1"
"20668","0","0","11","0","0","0","0"
"20669","0","0","69","2","15","10","7"
"20670","0","0","67","3","18","13","7"
"20672","0","0","21","0","0","0","0"
"20673","0","0","68","3","18","12","7"
"20675","0","0","69","2","15","10","7"
"20676","0","0","11","0","0","0","0"
"20677","0","0","73","1","7","4","10"
"20678","0","0","71","1","6","3","10"
"20679","0","0","67","3","9","13","14"
"20681","0","0","106","1","8","7","11"
"20684","0","0","81","7","38","25","17"
"20685","0","0","48","1","5","5","1"
"20686","0","0","49","1","5","5","1"
"20687","0","0","49","1","5","5","1"
"20688","0","0","48","1","5","5","1"
"20689","0","0","48","1","5","5","1"
"20690","0","0","49","1","5","5","1"
"20691","0","0","48","1","5","5","1"
"20692","0","0","49","1","5","5","1"
"20693","0","0","66","2","13","10","7"
"20694","0","0","10","0","0","0","0"
"20695","0","0","69","2","13","10","7"
"20696","0","0","73","2","13","10","7"
"20697","0","0","53","1","4","5","0"
"20698","0","0","49","1","5","5","1"
"20699","0","0","69","2","15","10","7"
"20700","0","0","71","2","15","10","7"
"20701","0","0","67","2","13","10","7"
"20702","0","0","71","2","15","10","7"
"20703","0","0","77","3","17","12","10"
"20704","0","0","62","1","10","6","4"
"20705","0","0","74","5","19","17","18"
"20706","0","0","50","1","5","5","1"
"20707","0","0","69","2","15","10","7"
"20708","0","0","64","1","9","7","2"
"20709","0","0","70","2","15","10","7"
"20710","0","0","8","0","0","0","0"
"20712","0","0","77","2","15","7","5"
"20714","0","0","47","0","0","0","1"
"20715","0","0","67","2","15","10","7"
"20716","0","0","57","0","4","1","1"
"20717","0","0","69","2","17","10","7"
"20718","0","0","66","2","13","10","7"
"20719","0","0","69","2","13","10","7"
"20721","0","0","71","2","15","10","7"
"20722","0","0","32","0","2","2","1"
"20723","0","0","66","2","13","10","7"
"20724","0","0","69","2","13","10","7"
"20725","0","0","75","2","13","10","10"
"20726","0","0","71","2","15","10","7"
"20727","0","0","69","2","15","10","7"
"20728","0","0","69","2","15","10","7"
"20729","0","0","66","2","13","10","7"
"20730","0","0","9","0","0","0","0"
"20731","0","0","71","7","17","25","6"
"20732","0","0","69","2","15","10","7"
"20733","0","0","53","1","6","6","1"
"20734","0","0","46","1","6","6","1"
"20735","0","0","98","8","53","40","20"
"20736","0","0","88","4","19","16","7"
"20737","0","0","10","0","0","0","0"
"20738","0","0","68","2","15","10","7"
"20739","0","0","52","4","8","18","5"
"20740","0","0","50","1","5","5","1"
"20743","0","0","81","0","39","29","18"
"20745","0","0","72","4","13","17","13"
"20746","0","0","63","5","13","17","5"
"20747","0","0","11","0","0","0","0"
"20749","0","0","49","4","8","17","5"
"20750","0","0","49","4","8","17","5"
"20751","0","0","55","1","9","8","9"
"20752","0","0","9","0","0","0","0"
"20753","0","0","65","4","10","14","14"
"20755","0","0","11","0","0","0","0"
"20756","0","0","8","0","0","0","0"
"20757","0","0","68","3","6","8","8"
"20758","0","0","48","1","5","5","1"
"20759","0","0","47","1","6","6","1"
"20760","0","0","68","4","11","18","6"
"20761","0","0","83","6","15","18","6"
"20762","0","0","54","3","6","12","4"
"20763","0","0","68","2","15","10","7"
"20764","0","0","60","4","9","13","10"
"20765","0","0","48","1","5","5","1"
"20766","0","0","74","4","15","19","12"
"20767","0","0","72","2","15","10","7"
"20768","0","0","10","0","0","0","0"
"20769","0","0","75","2","9","7","5"
"20770","0","0","69","2","13","10","7"
"20771","0","0","69","2","13","10","7"
"20772","0","0","27","0","0","0","0"
"20773","0","0","68","2","15","10","7"
"20774","0","0","23","0","0","0","0"
"20775","0","0","71","2","15","10","7"
"20776","0","0","47","0","6","1","6"
"20777","0","0","11","0","0","0","0"
"20778","0","0","87","2","12","10","5"
"20780","0","0","68","4","11","18","6"
"20781","0","0","84","3","18","12","5"
"20782","0","0","38","0","0","0","0"
"20784","0","0","69","2","15","10","7"
"20785","0","0","64","2","11","8","2"
"20786","0","0","69","2","15","10","7"
"20788","0","0","36","0","2","3","0"
"20789","0","0","43","2","13","9","2"
"20790","0","0","13","0","0","0","0"
"20791","0","0","69","2","15","10","6"
"20792","0","0","63","4","10","10","10"
"20793","0","0","50","1","5","5","1"
"20794","0","0","55","3","8","10","8"
"20795","0","0","67","2","12","10","4"
"20796","0","0","69","2","15","10","7"
"20797","0","0","67","2","15","10","7"
"20799","0","0","46","4","7","13","10"
"20800","0","0","66","2","13","10","7"
"20801","0","0","68","3","6","7","6"
"20802","0","0","47","1","5","5","1"
"20804","0","0","29","0","2","2","0"
"20805","0","0","30","0","2","2","0"
"20806","0","0","55","1","11","12","5"
"20807","0","0","69","2","15","10","8"
"20808","0","0","51","2","5","7","2"
"20809","0","0","49","1","5","5","1"
"20810","0","0","56","5","9","15","11"
"20811","0","0","50","1","5","5","1"
"20813","0","0","50","1","5","5","1"
"20814","0","0","102","3","15","18","12"
"20815","0","0","102","3","15","18","12"
"20818","0","0","46","6","12","22","7"
"20819","0","0","62","1","10","5","9"
"20820","0","0","47","1","6","6","1"
"20821","0","0","66","2","13","10","7"
"20822","0","0","71","2","15","10","7"
"20823","0","0","71","2","15","10","7"
"20824","0","0","50","1","5","5","1"
"20825","0","0","95","2","19","9","8"
"20826","0","0","10","0","0","0","0"
"20827","0","0","68","2","15","10","7"
"20828","0","0","44","1","3","2","4"
"20829","0","0","72","2","15","10","7"
"20830","0","0","71","2","15","10","7"
"20831","0","0","68","2","15","10","7"
"20832","0","0","84","5","19","18","7"
"20833","0","0","65","4","10","14","13"
"20834","0","0","52","3","5","8","10"
"20835","0","0","11","0","0","0","0"
"20836","0","0","13","0","0","0","0"
"20837","0","0","69","2","15","10","7"
"20838","0","0","56","4","8","11","10"
"20839","0","0","50","1","5","5","1"
"20840","0","0","50","1","5","5","1"
"20841","0","0","85","1","13","6","18"
"20842","0","0","67","5","12","16","13"
"20843","0","0","50","1","5","5","1"
"20844","0","0","11","0","0","0","0"
"20845","0","0","53","3","6","12","5"
"20847","0","0","68","2","15","10","7"
"20848","0","0","73","5","14","15","3"
"20849","0","0","64","3","6","7","7"
"20850","0","0","13","0","0","0","0"
"20853","0","0","14","0","0","0","0"
"20854","0","0","11","0","0","0","0"
"20855","0","0","11","0","0","0","0"
"20856","0","0","77","9","50","23","25"
"20857","0","0","68","2","15","10","7"
"20858","0","0","94","7","17","22","12"
"20859","0","0","74","3","15","11","7"
"20860","0","0","20","0","0","0","0"
"20861","0","0","23","0","0","0","0"
"20862","0","0","50","2","6","7","1"
"20863","0","0","78","9","11","24","8"
"20865","0","0","61","9","17","23","6"
"20866","0","0","48","1","6","7","0"
"20867","0","0","105","2","11","10","16"
"20868","0","0","62","3","10","8","10"
"20869","0","0","112","2","13","11","12"
"20874","0","0","74","3","12","15","12"
"20875","0","0","9","0","0","0","0"
"20876","0","0","8","0","0","0","0"
"20878","0","0","36","9","4","19","3"
"20879","0","0","109","15","31","36","30"
"20881","0","0","49","1","5","5","1"
"20882","0","0","71","2","15","10","7"
"20883","0","0","76","3","15","14","8"
"20884","0","0","52","2","6","7","11"
"20885","0","0","42","0","4","4","0"
"20886","0","0","52","2","7","7","1"
"20887","0","0","48","1","5","5","1"
"20888","0","0","71","2","15","10","7"
"20889","0","0","60","4","8","11","11"
"20890","0","0","50","2","6","7","1"
"20891","0","0","48","1","5","5","1"
"20892","0","0","48","1","5","5","1"
"20893","0","0","58","4","9","13","11"
"20894","0","0","57","4","9","13","10"
"20895","0","0","48","1","6","6","1"
"20896","0","0","48","5","8","19","5"
"20897","0","0","68","2","15","10","7"
"20899","0","0","45","0","0","0","0"
"20900","0","0","50","1","5","5","1"
"20901","0","0","72","2","15","10","7"
"20903","0","0","66","2","13","10","7"
"20904","0","0","50","3","4","7","1"
"20905","0","0","65","4","13","13","4"
"20910","0","0","89","15","32","44","5"
"20911","0","0","46","1","6","6","1"
"20913","0","0","58","4","8","11","10"
"20914","0","0","45","1","5","5","1"
"20915","0","0","67","2","12","10","4"
"20916","0","0","59","5","13","15","5"
"20917","0","0","69","2","17","10","7"
"20920","0","0","69","2","13","10","7"
"20921","0","0","50","1","5","5","1"
"20922","0","0","11","0","0","0","0"
"20923","0","0","80","2","15","10","4"
"20925","0","0","76","4","17","14","6"
"20926","0","0","64","2","15","10","7"
"20927","0","0","66","2","13","10","6"
"20930","0","0","11","0","0","0","0"
"20931","0","0","71","2","15","10","7"
"20932","0","0","78","12","23","60","13"
"20934","0","0","38","0","1","1","3"
"20935","0","0","56","5","12","12","8"
"20936","0","0","81","3","17","14","9"
"20939","0","0","77","5","23","20","11"
"20942","0","0","54","11","15","27","8"
"20943","0","0","54","3","12","13","5"
"20944","0","0","62","8","20","27","13"
"20948","0","0","68","2","15","10","7"
"20949","0","0","68","2","15","10","7"
"20951","0","0","80","11","30","29","22"
"20952","0","0","72","2","15","10","7"
"20954","0","0","47","1","5","5","1"
"20955","0","0","72","1","14","9","0"
"20956","0","0","10","0","0","0","0"
"20957","0","0","60","11","15","29","6"
"20958","0","0","74","6","9","22","8"
"20959","0","0","66","2","12","10","4"
"20960","0","0","77","3","15","11","7"
"20961","0","0","10","0","0","0","0"
"20962","0","0","51","2","7","9","11"
"20966","0","0","51","2","7","9","11"
"20967","0","0","71","3","18","11","9"
"20968","0","0","71","3","18","11","9"
"20969","0","0","57","3","8","12","10"
"20970","0","0","72","2","15","10","7"
"20971","0","0","72","2","15","10","7"
"20973","0","0","8","0","0","0","0"
"20974","0","0","7","0","0","0","0"
"20975","0","0","48","0","16","6","20"
"20978","0","0","11","0","0","0","0"
"20979","0","0","56","2","10","11","13"
"20980","0","0","50","1","5","5","1"
"20981","0","0","50","1","5","5","1"
"20982","0","0","50","1","5","5","1"
"20983","0","0","50","1","5","5","1"
"20985","0","0","46","1","5","5","1"
"20986","0","0","69","3","16","11","7"
"20991","0","0","64","4","21","12","5"
"20992","0","0","67","4","15","13","18"
"20993","0","0","68","2","15","10","7"
"20994","0","0","85","5","19","18","7"
"20995","0","0","41","0","1","1","0"
"20996","0","0","53","2","8","10","10"
"20999","0","0","11","0","0","0","0"
"21000","0","0","50","2","7","9","11"
"21003","0","0","46","1","6","6","1"
"21005","0","0","71","2","15","10","7"
"21006","0","0","50","1","6","6","1"
"21007","0","0","71","2","15","10","7"
"21008","0","0","67","15","39","44","14"
"21009","0","0","50","1","5","5","1"
"21010","0","0","50","1","5","5","1"
"21011","0","0","52","2","7","7","1"
"21012","0","0","73","5","11","12","12"
"21013","0","0","54","6","11","17","14"
"21014","0","0","80","2","15","10","4"
"21018","0","0","50","1","5","5","1"
"21019","0","0","57","0","7","4","4"
"21020","0","0","46","1","6","6","1"
"21022","0","0","67","5","50","13","13"
"21023","0","0","51","5","11","16","3"
"21024","0","0","44","1","6","6","1"
"21027","0","0","68","2","16","9","7"
"21028","0","0","77","4","31","14","11"
"21029","0","0","85","4","18","20","9"
"21030","0","0","74","3","18","13","8"
"21031","0","0","88","1","19","10","1"
"21032","0","0","50","4","8","11","8"
"21033","0","0","76","4","16","16","11"
"21034","0","0","71","7","39","19","19"
"21035","0","0","11","0","0","0","0"
"21036","0","0","87","3","13","13","11"
"21037","0","0","31","0","0","0","0"
"21038","0","0","68","3","18","13","7"
"21039","0","0","11","0","0","0","0"
"21040","0","0","69","2","15","10","7"
"21041","0","0","69","8","17","24","18"
"21042","0","0","75","3","18","13","7"
"21044","0","0","6","0","0","0","0"
"21046","0","0","66","2","13","10","7"
"21047","0","0","50","1","5","5","1"
"21048","0","0","71","0","70","68","35"
"21052","0","0","11","0","0","0","0"
"21053","0","0","4","0","0","0","0"
"21056","0","0","59","4","9","13","10"
"21057","0","0","70","7","19","28","6"
"21060","0","0","47","1","5","5","1"
"21061","0","0","77","2","16","15","5"
"21062","0","0","67","2","13","10","7"
"21063","0","0","69","2","13","10","7"
"21064","0","0","66","2","14","9","7"
"21067","0","0","48","1","5","5","1"
"21069","0","0","11","0","0","0","0"
"21070","0","0","86","10","51","32","22"
"21072","0","0","74","12","66","28","88"
"21073","0","0","49","1","5","5","1"
"21074","0","0","52","3","6","10","11"
"21075","0","0","11","0","0","0","0"
"21076","0","0","60","2","12","8","4"
"21078","0","0","4","0","0","0","0"
"21081","0","0","49","3","6","12","2"
"21083","0","0","12","0","0","0","0"
"21084","0","0","47","1","6","6","1"
"21085","0","0","50","0","6","12","5"
"21088","0","0","49","15","33","53","22"
"21090","0","0","79","12","21","47","129"
"21091","0","0","68","2","15","10","7"
"21092","0","0","11","0","0","0","0"
"21094","0","0","51","15","39","35","23"
"21095","0","0","11","0","0","0","0"
"21096","0","0","54","1","5","5","0"
"21097","0","0","10","0","0","0","0"
"21098","0","0","65","4","10","11","16"
"21099","0","0","31","0","0","0","0"
"21100","0","0","10","0","0","0","0"
"21101","0","0","11","0","0","0","0"
"21102","0","0","68","4","10","14","13"
"21103","0","0","54","4","9","13","10"
"21104","0","0","83","6","40","19","20"
"21105","0","0","71","2","15","10","7"
"21106","0","0","67","2","8","6","12"
"21107","0","0","33","0","0","0","11"
"21108","0","0","118","12","58","31","26"
"21109","0","0","11","0","0","0","0"
"21110","0","0","82","2","12","8","5"
"21111","0","0","82","2","12","8","5"
"21112","0","0","8","0","0","0","0"
"21113","0","0","67","2","13","10","7"
"21117","0","0","84","16","24","40","10"
"21118","0","0","8","0","0","0","0"
"21120","0","0","48","1","5","5","1"
"21121","0","0","68","0","9","2","11"
"21123","0","0","50","1","5","5","1"
"21124","0","0","49","1","5","5","1"
"21125","0","0","68","2","15","10","7"
"21126","0","0","71","2","15","10","7"
"21127","0","0","63","4","8","11","19"
"21129","0","0","33","0","0","0","5"
"21130","0","0","72","2","17","10","7"
"21131","0","0","50","1","5","5","1"
"21132","0","0","51","6","12","22","3"
"21133","0","0","81","4","48","29","23"
"21134","0","0","59","3","8","12","10"
"21135","0","0","11","0","0","0","0"
"21136","0","0","2","0","0","0","0"
"21137","0","0","8","0","0","0","0"
"21138","0","0","50","1","5","5","1"
"21139","0","0","48","1","5","5","1"
"21140","0","0","69","2","13","10","7"
"21141","0","0","54","2","7","9","11"
"21142","0","0","69","2","15","10","7"
"21143","0","0","71","2","15","10","7"
"21145","0","0","10","0","0","0","0"
"21146","0","0","8","0","0","0","0"
"21148","0","0","80","5","15","19","7"
"21149","0","0","66","9","17","22","6"
"21150","0","0","78","3","14","15","8"
"21151","0","0","72","2","15","10","7"
"21153","0","0","75","7","22","22","7"
"21157","0","0","68","2","15","10","7"
"21158","0","0","24","1","2","2","1"
"21159","0","0","91","10","40","28","15"
"21160","0","0","71","2","15","10","7"
"21161","0","0","10","0","0","0","0"
"21162","0","0","49","1","5","5","1"
"21163","0","0","48","1","5","5","1"
"21165","0","0","69","2","15","10","7"
"21166","0","0","60","6","13","16","15"
"21167","0","0","66","2","13","10","7"
"21168","0","0","51","2","6","7","11"
"21169","0","0","1","0","0","0","0"
"21171","0","0","77","1","14","9","8"
"21172","0","0","63","4","10","14","12"
"21173","0","0","45","5","7","13","2"
"21174","0","0","48","1","5","5","1"
"21175","0","0","42","0","5","2","1"
"21176","0","0","76","0","8","6","5"
"21177","0","0","86","6","41","21","12"
"21178","0","0","64","2","14","9","7"
"21180","0","0","36","6","5","20","11"
"21181","0","0","47","3","3","8","0"
"21182","0","0","66","4","11","14","13"
"21185","0","0","68","3","8","11","12"
"21188","0","0","56","4","9","13","10"
"21190","0","0","68","2","15","10","7"
"21191","0","0","69","3","18","11","7"
"21193","0","0","74","2","11","10","11"
"21198","0","0","61","2","10","10","1"
"21199","0","0","52","17","34","41","24"
"21201","0","0","59","1","10","6","12"
"21203","0","0","59","4","12","9","9"
"21205","0","0","63","10","153","29","31"
"21207","0","0","45","5","8","11","14"
"21208","0","0","49","1","5","5","1"
"21210","0","0","63","40","88","89","10"
"21212","0","0","101","3","15","18","12"
"21213","0","0","68","2","15","10","7"
"21214","0","0","60","6","12","13","9"
"21216","0","0","11","0","0","0","0"
"21217","0","0","53","2","9","7","3"
"21219","0","0","96","4","17","20","8"
"21220","0","0","71","15","38","33","23"
"21221","0","0","31","0","0","0","0"
"21222","0","0","50","1","5","5","1"
"21223","0","0","94","31","111","70","41"
"21226","0","0","89","9","31","34","13"
"21227","0","0","45","4","8","17","5"
"21228","0","0","49","1","5","5","1"
"21229","0","0","81","3","14","12","7"
"21231","0","0","2","0","0","0","0"
"21232","0","0","56","4","11","13","14"
"21235","0","0","77","2","16","15","5"
"21236","0","0","79","6","12","17","12"
"21237","0","0","54","4","11","15","6"
"21238","0","0","78","5","16","22","8"
"21239","0","0","43","4","12","13","6"
"21240","0","0","60","4","9","13","10"
"21241","0","0","77","7","18","20","8"
"21242","0","0","77","7","18","20","8"
"21243","0","0","50","1","5","5","1"
"21244","0","0","72","8","43","20","22"
"21245","0","0","11","0","0","0","0"
"21246","0","0","45","1","6","6","1"
"21247","0","0","59","4","9","10","12"
"21248","0","0","67","2","14","9","5"
"21249","0","0","28","0","0","0","0"
"21250","0","0","106","4","13","17","16"
"21253","0","0","65","3","9","13","11"
"21254","0","0","43","5","7","17","5"
"21255","0","0","48","1","5","5","1"
"21256","0","0","95","8","27","23","26"
"21258","0","0","62","4","11","12","14"
"21259","0","0","47","1","5","5","1"
